{"y_line": 399, "std_offset": 1.2591570854324827, "mean_offset": 9.42991413474083}