{"y_line": 400, "std_offset": 0.705585220666439, "mean_offset": 11.50967589020729}