{"y_line": 398, "std_offset": 0.440055343936771, "mean_offset": 12.824367707967758}