{"y_line": 404, "std_offset": 1.020606906519821, "mean_offset": 20.1354351490736}