{"y_line": 400, "std_offset": 1.4286412194738052, "mean_offset": 12.503350564837456}