{"y_line": 398, "std_offset": 1.270268768708459, "mean_offset": 25.192084008455275}