{"y_line": 399, "std_offset": 0.5034885182320464, "mean_offset": 12.2905795276165}