{"y_line": 402, "std_offset": 0.8239182555729896, "mean_offset": 16.279830810427665}