{"y_line": 398, "std_offset": 1.2169822523562457, "mean_offset": 19.123435613512992}